file,sha256,size_bytes,software_sha,software_branch,motor_number,mis_takeoff_alt,com_fail_act_t,group
04_00_44.ulg,4f2a7c254e8eb22c4236755c9e8980a7c677460e1bfa21baabf6f2278f86970d,7077427,f5bba53c2a53c0f7d7820341c19e67e6c6f92819,dev/power-redundancy-protection,1,2.5,0.0,primary-24-case-matrix
04_01_45.ulg,8cfb724a5e53cf3010ee43b07125eeaaa94033b439589f2d1b0cddd01d818874,6863890,f5bba53c2a53c0f7d7820341c19e67e6c6f92819,dev/power-redundancy-protection,2,2.5,0.0,primary-24-case-matrix
04_02_45.ulg,800dd0c559267670a292e290ac7cba229b44f861368005889c43d05bcf5a5ebb,7503779,f5bba53c2a53c0f7d7820341c19e67e6c6f92819,dev/power-redundancy-protection,3,2.5,0.0,primary-24-case-matrix
04_03_49.ulg,df4664c2abc67f2f68ca7850a0df418194ae22e6d55e3477cd9b939ca3e7385d,7395698,f5bba53c2a53c0f7d7820341c19e67e6c6f92819,dev/power-redundancy-protection,4,2.5,0.0,primary-24-case-matrix
04_04_54.ulg,d86766d6b8e4743be7e473a3b9802ed7488177a7934752b92a5e72b4062c965f,10853339,f5bba53c2a53c0f7d7820341c19e67e6c6f92819,dev/power-redundancy-protection,1,10.0,0.0,primary-24-case-matrix
04_06_20.ulg,00644d420c76be2d8da2fee47e88a444bb1257555f3b54b54e45d55faa843aa6,9035017,f5bba53c2a53c0f7d7820341c19e67e6c6f92819,dev/power-redundancy-protection,2,10.0,0.0,primary-24-case-matrix
04_07_35.ulg,e75bb6e7d4cc3fd864ce368854a5b99695508a1977c8c46c3d459e63a7ac215d,10572006,f5bba53c2a53c0f7d7820341c19e67e6c6f92819,dev/power-redundancy-protection,3,10.0,0.0,primary-24-case-matrix
04_09_01.ulg,3dd6873037756dfce16282eeb84c1572487b85be6ad3f9cd9cf7a725bece5a82,10260707,f5bba53c2a53c0f7d7820341c19e67e6c6f92819,dev/power-redundancy-protection,4,10.0,0.0,primary-24-case-matrix
04_10_23.ulg,f29c5a829c22579dad4fccbace126031dc261d7c8ed2848f2aa764b983c6b421,10819485,f5bba53c2a53c0f7d7820341c19e67e6c6f92819,dev/power-redundancy-protection,1,20.0,0.0,primary-24-case-matrix
04_11_48.ulg,026167dff1ce1dfdae086acb5f77f3e3ce8c5fb5f674077ccfbf6f914ef5722b,14150159,f5bba53c2a53c0f7d7820341c19e67e6c6f92819,dev/power-redundancy-protection,2,20.0,0.0,primary-24-case-matrix
04_13_36.ulg,93a7c0ac2cf0a60583c3da8d17d1a243cafc2807b591f2d2a1677615c9ebdbd5,10874888,f5bba53c2a53c0f7d7820341c19e67e6c6f92819,dev/power-redundancy-protection,3,20.0,0.0,primary-24-case-matrix
04_15_01.ulg,ccee31469593444d0f870bf1e1e3be8c9b449a8e91ad93fc248fc343d48b89f8,20893843,f5bba53c2a53c0f7d7820341c19e67e6c6f92819,dev/power-redundancy-protection,4,20.0,0.0,primary-24-case-matrix
04_17_40.ulg,06117eb8884045934ba613e2dba1b34cfb16bec580543ef13bc9a9c65550604c,7300705,f5bba53c2a53c0f7d7820341c19e67e6c6f92819,dev/power-redundancy-protection,1,2.5,5.0,primary-24-case-matrix
04_18_49.ulg,03fedc35b69b84cb400846605c5be7901f049c55d1b7a50a12f4be57066e6b41,6769043,f5bba53c2a53c0f7d7820341c19e67e6c6f92819,dev/power-redundancy-protection,2,2.5,5.0,primary-24-case-matrix
04_19_54.ulg,08b84ac9e6b0f5068c8aaae24069fee7a6256d11ed0268093f4b15048cb2aec2,7209359,f5bba53c2a53c0f7d7820341c19e67e6c6f92819,dev/power-redundancy-protection,3,2.5,5.0,primary-24-case-matrix
04_21_02.ulg,9832ccff4b873cae2bffc19ec3825b805274a5a857a44ed1e403a6194fa66fcf,6879534,f5bba53c2a53c0f7d7820341c19e67e6c6f92819,dev/power-redundancy-protection,4,2.5,5.0,primary-24-case-matrix
04_22_09.ulg,84b33182ccf0dc5a77cf25b301ba1bb0a0e2c2f77c5f94bef783859a02b53a8d,10747485,f5bba53c2a53c0f7d7820341c19e67e6c6f92819,dev/power-redundancy-protection,1,10.0,5.0,primary-24-case-matrix
04_23_41.ulg,3d6a6592cea7089387d8b008614cbc23ecfa90a61f348637d9fb1e4201bc1dd6,9117155,f5bba53c2a53c0f7d7820341c19e67e6c6f92819,dev/power-redundancy-protection,2,10.0,5.0,primary-24-case-matrix
04_24_58.ulg,b8f10e929d39de707a6e1b90c7990dccbc54237faec83fa1a33f58675ccc6eb5,10308162,f5bba53c2a53c0f7d7820341c19e67e6c6f92819,dev/power-redundancy-protection,3,10.0,5.0,primary-24-case-matrix
04_26_20.ulg,249ebd05cb93d14f1f53a5ed59fc57a1bc852132c457c966b6d123090da0b62f,11205862,f5bba53c2a53c0f7d7820341c19e67e6c6f92819,dev/power-redundancy-protection,4,10.0,5.0,primary-24-case-matrix
04_27_47.ulg,60371eb950973a57e144e00c889a98608f5c1c06e7ff249a1058cda8e82229f7,14519538,f5bba53c2a53c0f7d7820341c19e67e6c6f92819,dev/power-redundancy-protection,1,20.0,5.0,primary-24-case-matrix
04_29_37.ulg,6fdacfe06a8ec082dcf9923c50fc990f1bcc545b5be72125832c8c3a79682172,10645839,f5bba53c2a53c0f7d7820341c19e67e6c6f92819,dev/power-redundancy-protection,2,20.0,5.0,primary-24-case-matrix
04_31_03.ulg,8f126b348c3ab0851f216f902fad79cfdd7f8b447135b998cb09887c8c10bd89,14385445,f5bba53c2a53c0f7d7820341c19e67e6c6f92819,dev/power-redundancy-protection,3,20.0,5.0,primary-24-case-matrix
04_32_52.ulg,4f0699df9aed5fd56738ca43acd28350416c90da1050d3a327237c550bc07f9d,22044838,f5bba53c2a53c0f7d7820341c19e67e6c6f92819,dev/power-redundancy-protection,4,20.0,5.0,primary-24-case-matrix
